Omnis ab occaecat pr,Libero sit natus au,2021-06-18 22:55:38.362480
Quasi ea et vel veli,Iste dolore enim qui,2021-06-18 22:55:55.088689
Culpa nostrum nihil,Et quis iure eiusmod,2021-06-18 22:57:40.777293
Eum excepteur et mol,Anim ratione ea blan,2021-06-18 22:57:51.028142
Sunt Nam autem duci,Nesciunt enim paria,2021-06-18 23:00:21.924558
Sunt Nam autem duci,Nesciunt enim paria,2021-06-18 23:00:42.605184
Sunt Nam autem duci,Nesciunt enim paria,2021-06-18 23:01:16.269447
Occaecat do ipsum qu,Voluptatem rerum nat,2021-06-18 23:04:01.773496
Occaecat do ipsum qu,Voluptatem rerum nat,2021-06-18 23:06:14.327768
Et consectetur in t,Excepturi est possim,2021-06-18 23:14:10.515353
Sit consequuntur ve,Ex repellendus Quas,2021-06-18 23:15:01.722971
Consequatur nisi cu,Laborum occaecat pla,2021-06-18 23:16:16.098788
Nulla quisquam a ut ,Et ipsum nihil in re,2021-06-18 23:16:53.290326
Porro quia et eum ip,Veniam id id cum su,2021-06-18 23:19:28.345229
Iste animi impedit,Proident velit aut,2021-06-18 23:19:37.523577
Autem laborum Adipi,Dolore earum hic max,2021-06-18 23:21:18.901742
Repudiandae nemo exc,Mollit eius et moles,2021-06-18 23:21:36.732758
Iure omnis in tenetu,Velit voluptatem vo,2021-06-18 23:22:02.391431
Molestiae quia sint ,In nulla laboris nul,2021-06-18 23:23:47.610910
Pariatur Omnis qui ,Ut dolore est rerum,2021-06-18 23:31:08.902363
Officia reiciendis t,Eos nostrud voluptat,2021-06-18 23:31:22.066548
Adipisicing illum v,Cupiditate unde ulla,2021-06-18 23:31:36.761018
Quia facilis magnam ,Consequatur Minim a,2021-06-18 23:32:26.500920
Veniam cupiditate i,Distinctio Culpa si,2021-06-18 23:33:02.753661
Vel qui similique si,Aut minima ut tempor,2021-06-18 23:33:45.831238
